-- phpMyAdmin SQL Dump
-- version 4.8.2
-- https://www.phpmyadmin.net/
--
-- Host: 127.0.0.1
-- Generation Time: Nov 25, 2021 at 04:03 PM
-- Server version: 10.1.34-MariaDB
-- PHP Version: 7.2.7

SET SQL_MODE = "NO_AUTO_VALUE_ON_ZERO";
SET AUTOCOMMIT = 0;
START TRANSACTION;
SET time_zone = "+00:00";


/*!40101 SET @OLD_CHARACTER_SET_CLIENT=@@CHARACTER_SET_CLIENT */;
/*!40101 SET @OLD_CHARACTER_SET_RESULTS=@@CHARACTER_SET_RESULTS */;
/*!40101 SET @OLD_COLLATION_CONNECTION=@@COLLATION_CONNECTION */;
/*!40101 SET NAMES utf8mb4 */;

--
-- Database: `sbtbsphp`
--

-- --------------------------------------------------------

--
-- Table structure for table `bookings`
--

CREATE TABLE `bookings` (
  `id` int(100) NOT NULL,
  `booking_id` varchar(255) NOT NULL,
  `customer_id` varchar(255) NOT NULL,
  `route_id` varchar(255) NOT NULL,
  `customer_route` varchar(200) NOT NULL,
  `booked_amount` int(100) NOT NULL,
  `booked_seat` varchar(100) NOT NULL,
  `booking_created` datetime NOT NULL DEFAULT CURRENT_TIMESTAMP
) ENGINE=InnoDB DEFAULT CHARSET=utf8mb4;

--
-- Dumping data for table `bookings`
--

INSERT INTO `bookings` (`id`, `booking_id`, `customer_id`, `route_id`, `customer_route`, `booked_amount`, `booked_seat`, `booking_created`) VALUES
(70, '2631O70', 'STUDENT-21761143142', 'RT-753558', 'ARKBY &rarr; VEIM', 55, '1', '2021-11-25 16:43:07');

-- --------------------------------------------------------

--
-- Table structure for table `buses`
--

CREATE TABLE `buses` (
  `id` int(100) NOT NULL,
  `bus_no` varchar(255) NOT NULL,
  `bus_assigned` tinyint(1) NOT NULL DEFAULT '0',
  `bus_created` datetime NOT NULL DEFAULT CURRENT_TIMESTAMP
) ENGINE=InnoDB DEFAULT CHARSET=utf8mb4;

--
-- Dumping data for table `buses`
--

INSERT INTO `buses` (`id`, `bus_no`, `bus_assigned`, `bus_created`) VALUES
(55, 'SS AFRICA', 1, '2021-11-25 16:44:54'),
(56, 'BOKAMOSO', 1, '2021-11-25 16:45:04'),
(57, 'AMOGELANG', 1, '2021-11-25 16:45:15'),
(58, 'MATHATHAFENG', 1, '2021-11-25 16:45:27'),
(59, 'STAR BUS', 1, '2021-11-25 16:45:39');

-- --------------------------------------------------------

--
-- Table structure for table `customers`
--

CREATE TABLE `customers` (
  `id` int(100) NOT NULL,
  `customer_id` varchar(255) NOT NULL,
  `customer_name` varchar(30) NOT NULL,
  `customer_phone` varchar(10) NOT NULL,
  `customer_created` datetime NOT NULL DEFAULT CURRENT_TIMESTAMP
) ENGINE=InnoDB DEFAULT CHARSET=utf8mb4;

--
-- Dumping data for table `customers`
--

INSERT INTO `customers` (`id`, `customer_id`, `customer_name`, `customer_phone`, `customer_created`) VALUES
(42, 'STUDENT-21761143142', 'matimba matimu', '217611431', '2021-11-25 16:39:31');

-- --------------------------------------------------------

--
-- Table structure for table `routes`
--

CREATE TABLE `routes` (
  `id` int(100) NOT NULL,
  `route_id` varchar(255) NOT NULL,
  `bus_no` varchar(155) NOT NULL,
  `route_cities` varchar(255) NOT NULL,
  `route_dep_date` date NOT NULL,
  `route_dep_time` time NOT NULL,
  `route_step_cost` int(100) NOT NULL,
  `route_created` datetime NOT NULL DEFAULT CURRENT_TIMESTAMP
) ENGINE=InnoDB DEFAULT CHARSET=utf8mb4;

--
-- Dumping data for table `routes`
--

INSERT INTO `routes` (`id`, `route_id`, `bus_no`, `route_cities`, `route_dep_date`, `route_dep_time`, `route_step_cost`, `route_created`) VALUES
(61, 'RT-5195161', 'SS AFRICA', 'NORTH SOUTH', '2021-11-26', '07:15:00', 0, '2021-11-25 16:46:57'),
(62, 'RT-4398862', 'AMOGELANG', 'SOUTH MAIN', '2021-11-26', '08:00:00', 0, '2021-11-25 16:48:20'),
(63, 'RT-3674163', 'BOKAMOSO', 'ACADIA MAIN', '2021-11-26', '07:00:00', 0, '2021-11-25 16:48:57'),
(64, 'RT-299264', 'MATHATHAFENG', 'SOUTH RANKUWA', '2021-11-26', '07:00:00', 0, '2021-11-25 16:49:24'),
(65, 'RT-1829465', 'STAR BUS', 'MAIN MUZINDA-RES', '2021-11-26', '20:00:00', 0, '2021-11-25 16:50:38');

-- --------------------------------------------------------

--
-- Table structure for table `seats`
--

CREATE TABLE `seats` (
  `bus_no` varchar(155) NOT NULL,
  `seat_booked` varchar(255) DEFAULT NULL
) ENGINE=InnoDB DEFAULT CHARSET=utf8mb4;

--
-- Dumping data for table `seats`
--

INSERT INTO `seats` (`bus_no`, `seat_booked`) VALUES
('AMOGELANG', NULL),
('BOKAMOSO', NULL),
('MATHATHAFENG', NULL),
('SS AFRICA', NULL),
('STAR BUS', NULL);

-- --------------------------------------------------------

--
-- Table structure for table `users`
--

CREATE TABLE `users` (
  `user_id` int(11) NOT NULL,
  `user_fullname` varchar(100) NOT NULL,
  `user_name` varchar(30) NOT NULL,
  `user_password` varchar(255) NOT NULL,
  `user_created` datetime NOT NULL DEFAULT CURRENT_TIMESTAMP
) ENGINE=InnoDB DEFAULT CHARSET=utf8mb4;

--
-- Dumping data for table `users`
--

INSERT INTO `users` (`user_id`, `user_fullname`, `user_name`, `user_password`, `user_created`) VALUES
(1, 'iconique', 'admin', '$2y$10$7rLSvRVyTQORapkDOqmkhetjF6H9lJHngr4hJMSM2lHObJbW5EQh6', '2021-06-02 13:55:21');

--
-- Indexes for dumped tables
--

--
-- Indexes for table `bookings`
--
ALTER TABLE `bookings`
  ADD PRIMARY KEY (`id`);

--
-- Indexes for table `buses`
--
ALTER TABLE `buses`
  ADD PRIMARY KEY (`id`);

--
-- Indexes for table `customers`
--
ALTER TABLE `customers`
  ADD PRIMARY KEY (`id`);

--
-- Indexes for table `routes`
--
ALTER TABLE `routes`
  ADD PRIMARY KEY (`id`);

--
-- Indexes for table `seats`
--
ALTER TABLE `seats`
  ADD PRIMARY KEY (`bus_no`);

--
-- Indexes for table `users`
--
ALTER TABLE `users`
  ADD PRIMARY KEY (`user_id`);

--
-- AUTO_INCREMENT for dumped tables
--

--
-- AUTO_INCREMENT for table `bookings`
--
ALTER TABLE `bookings`
  MODIFY `id` int(100) NOT NULL AUTO_INCREMENT, AUTO_INCREMENT=71;

--
-- AUTO_INCREMENT for table `buses`
--
ALTER TABLE `buses`
  MODIFY `id` int(100) NOT NULL AUTO_INCREMENT, AUTO_INCREMENT=60;

--
-- AUTO_INCREMENT for table `customers`
--
ALTER TABLE `customers`
  MODIFY `id` int(100) NOT NULL AUTO_INCREMENT, AUTO_INCREMENT=43;

--
-- AUTO_INCREMENT for table `routes`
--
ALTER TABLE `routes`
  MODIFY `id` int(100) NOT NULL AUTO_INCREMENT, AUTO_INCREMENT=66;

--
-- AUTO_INCREMENT for table `users`
--
ALTER TABLE `users`
  MODIFY `user_id` int(11) NOT NULL AUTO_INCREMENT, AUTO_INCREMENT=3;
COMMIT;

/*!40101 SET CHARACTER_SET_CLIENT=@OLD_CHARACTER_SET_CLIENT */;
/*!40101 SET CHARACTER_SET_RESULTS=@OLD_CHARACTER_SET_RESULTS */;
/*!40101 SET COLLATION_CONNECTION=@OLD_COLLATION_CONNECTION */;
